feature,seq,actor,action,expected,actual,pass,note
"進度","1","62010001","更新進度 0003 → 59% (一座)","allow","allow (http 200) 1 row","true","被派 leaf"
"進度","2","62010002","更新進度 0003 → 72% (一座)","allow","allow (http 200) 1 row","true","被派 leaf"
"進度","3","62010003","更新進度 0004 → 72% (一座)","allow","allow (http 200) 1 row","true","被派 leaf"
"進度","4","62010004","更新進度 0004 → 85% (一座)","allow","allow (http 200) 1 row","true","被派 leaf"
"進度","5","62010003","更新進度 0007 → 41% (一座)","allow","allow (http 200) 1 row","true","被派 leaf"
"進度","6","62010001","更新進度 0008 → 54% (一座)","allow","allow (http 200) 1 row","true","被派 leaf"
"進度","7","62000001","PM 加中項 (一座)","allow","allow (http 201) 1 row","true",""
"進度","8","62010003","判頭加大項 (一座)","deny","deny (http 403) new row violates row-level security policy for table ""progress_items""","true","非 manager"
"進度","9","62010004","工人改未派 leaf (一座)","deny","deny (http 200) 0 row","true",""
"進度","10","62020001","更新進度 0011 → 23% (二座)","allow","allow (http 200) 1 row","true","被派 leaf"
"進度","11","62020002","更新進度 0011 → 36% (二座)","allow","allow (http 200) 1 row","true","被派 leaf"
"進度","12","62020003","更新進度 0012 → 36% (二座)","allow","allow (http 200) 1 row","true","被派 leaf"
"進度","13","62020004","更新進度 0012 → 49% (二座)","allow","allow (http 200) 1 row","true","被派 leaf"
"進度","14","62020003","更新進度 0015 → 75% (二座)","allow","allow (http 200) 1 row","true","被派 leaf"
"進度","15","62020001","更新進度 0016 → 88% (二座)","allow","allow (http 200) 1 row","true","被派 leaf"
"進度","16","62000001","PM 加中項 (二座)","allow","allow (http 201) 1 row","true",""
"進度","17","62020003","判頭加大項 (二座)","deny","deny (http 403) new row violates row-level security policy for table ""progress_items""","true","非 manager"
"進度","18","62020004","工人改未派 leaf (二座)","deny","deny (http 200) 0 row","true",""
"進度","19","62030001","更新進度 0019 → 57% (三座)","allow","allow (http 200) 1 row","true","被派 leaf"
"進度","20","62030002","更新進度 0019 → 70% (三座)","allow","allow (http 200) 1 row","true","被派 leaf"
"進度","21","62030003","更新進度 0020 → 70% (三座)","allow","allow (http 200) 1 row","true","被派 leaf"
"進度","22","62030004","更新進度 0020 → 83% (三座)","allow","allow (http 200) 1 row","true","被派 leaf"
"進度","23","62030003","更新進度 0023 → 39% (三座)","allow","allow (http 200) 1 row","true","被派 leaf"
"進度","24","62030001","更新進度 0024 → 52% (三座)","allow","allow (http 200) 1 row","true","被派 leaf"
"進度","25","62000001","PM 加中項 (三座)","allow","allow (http 201) 1 row","true",""
"進度","26","62030003","判頭加大項 (三座)","deny","deny (http 403) new row violates row-level security policy for table ""progress_items""","true","非 manager"
"進度","27","62030004","工人改未派 leaf (三座)","deny","deny (http 200) 0 row","true",""
"進度","28","62040001","更新進度 0027 → 21% (外圍)","allow","allow (http 200) 1 row","true","被派 leaf"
"進度","29","62040002","更新進度 0027 → 34% (外圍)","allow","allow (http 200) 1 row","true","被派 leaf"
"進度","30","62040003","更新進度 0028 → 34% (外圍)","allow","allow (http 200) 1 row","true","被派 leaf"
"進度","31","62040004","更新進度 0028 → 47% (外圍)","allow","allow (http 200) 1 row","true","被派 leaf"
"進度","32","62040003","更新進度 0031 → 73% (外圍)","allow","allow (http 200) 1 row","true","被派 leaf"
"進度","33","62040001","更新進度 0032 → 86% (外圍)","allow","allow (http 200) 1 row","true","被派 leaf"
"進度","34","62000001","PM 加中項 (外圍)","allow","allow (http 201) 1 row","true",""
"進度","35","62040003","判頭加大項 (外圍)","deny","deny (http 403) new row violates row-level security policy for table ""progress_items""","true","非 manager"
"進度","36","62040004","工人改未派 leaf (外圍)","deny","deny (http 200) 0 row","true",""
"問題","1","62010004","工人報問題 (一座)","allow","allow (http 201) 1 row","true",""
"問題","2","62010004","工人報問題 (一座)","allow","allow (http 201) 1 row","true",""
"問題","3","62010004","工人即時問題 snag (一座)","allow","allow (http 201) 1 row","true",""
"問題","4","62010003","判頭報問題 (一座)","allow","allow (http 201) 1 row","true",""
"問題","5","62020004","工人報問題 (二座)","allow","allow (http 201) 1 row","true",""
"問題","6","62020004","工人報問題 (二座)","allow","allow (http 201) 1 row","true",""
"問題","7","62020004","工人即時問題 snag (二座)","allow","allow (http 201) 1 row","true",""
"問題","8","62020003","判頭報問題 (二座)","allow","allow (http 201) 1 row","true",""
"問題","9","62030004","工人報問題 (三座)","allow","allow (http 201) 1 row","true",""
"問題","10","62030004","工人報問題 (三座)","allow","allow (http 201) 1 row","true",""
"問題","11","62030004","工人即時問題 snag (三座)","allow","allow (http 201) 1 row","true",""
"問題","12","62030003","判頭報問題 (三座)","allow","allow (http 201) 1 row","true",""
"問題","13","62040004","工人報問題 (外圍)","allow","allow (http 201) 1 row","true",""
"問題","14","62040004","工人報問題 (外圍)","allow","allow (http 201) 1 row","true",""
"問題","15","62040004","工人即時問題 snag (外圍)","allow","allow (http 201) 1 row","true",""
"問題","16","62040003","判頭報問題 (外圍)","allow","allow (http 201) 1 row","true",""
"問題","17","62010003","判頭升級問題→總承 (一座)","allow","allow (http 200) 1 row","true",""
"問題","18","62010003","判頭留言","allow","allow (http 201) 1 row","true",""
"問題","19","62010003","判頭升級問題→總承 (一座)","allow","allow (http 200) 1 row","true",""
"問題","20","62010003","判頭留言","allow","allow (http 201) 1 row","true",""
"問題","21","62020003","判頭升級問題→總承 (二座)","allow","allow (http 200) 1 row","true",""
"問題","22","62020003","判頭留言","allow","allow (http 201) 1 row","true",""
"問題","23","62020003","判頭升級問題→總承 (二座)","allow","allow (http 200) 1 row","true",""
"問題","24","62020003","判頭留言","allow","allow (http 201) 1 row","true",""
"問題","25","62030003","判頭升級問題→總承 (三座)","allow","allow (http 200) 1 row","true",""
"問題","26","62030003","判頭留言","allow","allow (http 201) 1 row","true",""
"問題","27","62030003","判頭升級問題→總承 (三座)","allow","allow (http 200) 1 row","true",""
"問題","28","62030003","判頭留言","allow","allow (http 201) 1 row","true",""
"問題","29","62040003","判頭升級問題→總承 (外圍)","allow","allow (http 200) 1 row","true",""
"問題","30","62040003","判頭留言","allow","allow (http 201) 1 row","true",""
"問題","31","62040003","判頭升級問題→總承 (外圍)","allow","allow (http 200) 1 row","true",""
"問題","32","62040003","判頭留言","allow","allow (http 201) 1 row","true",""
"問題","33","62010001","總承解決問題 (一座)","allow","allow (http 200) 1 row","true",""
"問題","34","62020001","總承解決問題 (二座)","allow","allow (http 200) 1 row","true",""
"問題","35","62030001","總承解決問題 (三座)","allow","allow (http 200) 1 row","true",""
"問題","36","62040001","總承解決問題 (外圍)","allow","allow (http 200) 1 row","true",""
"問題","37","62020004","工人改非自己問題","deny","deny (http 200) 0 row","true",""
"問題","38","62000004","安全主任改任何問題 (v66)","allow","allow (http 200) 1 row","true",""
"工地指令","1","62010003","開單 SI-mqosi57x-1","allow","allow (http 201) 1 row","true",""
"工地指令","2","62010003","加內容版本 SI-mqosi57x-1","allow","allow (http 201) 1 row","true",""
"工地指令","3","62010003","提交 SI-mqosi57x-1","allow","allow (http 204)","true",""
"工地指令","4","62010001","批核 SI-mqosi57x-1 (總承)","allow","allow (http 200)","true",""
"工地指令","5","62000001","批核 SI-mqosi57x-1 (PM)","allow","allow (http 200)","true",""
"工地指令","6","62020001","開單 SI-mqosi57x-2","allow","allow (http 201) 1 row","true",""
"工地指令","7","62020001","加內容版本 SI-mqosi57x-2","allow","allow (http 201) 1 row","true",""
"工地指令","8","62020001","提交 SI-mqosi57x-2","allow","allow (http 204)","true",""
"工地指令","9","62010001","批核 SI-mqosi57x-2 (總承)","allow","allow (http 200)","true",""
"工地指令","10","62000001","批核 SI-mqosi57x-2 (PM)","allow","allow (http 200)","true",""
"工地指令","11","62010002","開單 SI-mqosi57x-3","allow","allow (http 201) 1 row","true",""
"工地指令","12","62010002","加內容版本 SI-mqosi57x-3","allow","allow (http 201) 1 row","true",""
"工地指令","13","62010002","提交 SI-mqosi57x-3","allow","allow (http 204)","true",""
"工地指令","14","62010001","批核 SI-mqosi57x-3 (總承)","allow","allow (http 200)","true",""
"工地指令","15","62000001","批核 SI-mqosi57x-3 (PM)","allow","allow (http 200)","true",""
"工地指令","16","62030003","開單 SI-mqosi57x-4","allow","allow (http 201) 1 row","true",""
"工地指令","17","62030003","加內容版本 SI-mqosi57x-4","allow","allow (http 201) 1 row","true",""
"工地指令","18","62030003","提交 SI-mqosi57x-4","allow","allow (http 204)","true",""
"工地指令","19","62010001","批核 SI-mqosi57x-4 (總承)","allow","allow (http 200)","true",""
"工地指令","20","62000001","批核 SI-mqosi57x-4 (PM)","allow","allow (http 200)","true",""
"工地指令","21","62020003","開單 SI-mqosi57x-5","allow","allow (http 201) 1 row","true",""
"工地指令","22","62020003","加內容版本 SI-mqosi57x-5","allow","allow (http 201) 1 row","true",""
"工地指令","23","62020003","提交 SI-mqosi57x-5","allow","allow (http 204)","true",""
"工地指令","24","62010001","批核 SI-mqosi57x-5 (總承)","allow","allow (http 200)","true",""
"工地指令","25","62000001","批核 SI-mqosi57x-5 (PM)","allow","allow (http 200)","true",""
"工地指令","26","62040001","開單 SI-mqosi57x-6","allow","allow (http 201) 1 row","true",""
"工地指令","27","62040001","加內容版本 SI-mqosi57x-6","allow","allow (http 201) 1 row","true",""
"工地指令","28","62040001","提交 SI-mqosi57x-6","allow","allow (http 204)","true",""
"工地指令","29","62010001","批核 SI-mqosi57x-6 (總承)","allow","allow (http 200)","true",""
"工地指令","30","62000001","批核 SI-mqosi57x-6 (PM)","allow","allow (http 200)","true",""
"工地指令","31","62000003","越權開單","deny","deny (http 403) new row violates row-level security policy for table ""site_instructions""","true",""
"變更指令","1","62010003","開單 VO-mqosi57x-1","allow","allow (http 201) 1 row","true",""
"變更指令","2","62010003","加內容版本 VO-mqosi57x-1","allow","allow (http 201) 1 row","true",""
"變更指令","3","62010003","提交 VO-mqosi57x-1","allow","allow (http 204)","true",""
"變更指令","4","62010001","批核 VO-mqosi57x-1 (總承)","allow","allow (http 200)","true",""
"變更指令","5","62000001","批核 VO-mqosi57x-1 (PM)","allow","allow (http 200)","true",""
"變更指令","6","62000003","批核 VO-mqosi57x-1 (業主)","allow","allow (http 200)","true",""
"變更指令","7","62020001","開單 VO-mqosi57x-2","allow","allow (http 201) 1 row","true",""
"變更指令","8","62020001","加內容版本 VO-mqosi57x-2","allow","allow (http 201) 1 row","true",""
"變更指令","9","62020001","提交 VO-mqosi57x-2","allow","allow (http 204)","true",""
"變更指令","10","62010001","批核 VO-mqosi57x-2 (總承)","allow","allow (http 200)","true",""
"變更指令","11","62000001","批核 VO-mqosi57x-2 (PM)","allow","allow (http 200)","true",""
"變更指令","12","62000003","批核 VO-mqosi57x-2 (業主)","allow","allow (http 200)","true",""
"變更指令","13","62010002","開單 VO-mqosi57x-3","allow","allow (http 201) 1 row","true",""
"變更指令","14","62010002","加內容版本 VO-mqosi57x-3","allow","allow (http 201) 1 row","true",""
"變更指令","15","62010002","提交 VO-mqosi57x-3","allow","allow (http 204)","true",""
"變更指令","16","62010001","批核 VO-mqosi57x-3 (總承)","allow","allow (http 200)","true",""
"變更指令","17","62000001","批核 VO-mqosi57x-3 (PM)","allow","allow (http 200)","true",""
"變更指令","18","62000003","批核 VO-mqosi57x-3 (業主)","allow","allow (http 200)","true",""
"變更指令","19","62030003","開單 VO-mqosi57x-4","allow","allow (http 201) 1 row","true",""
"變更指令","20","62030003","加內容版本 VO-mqosi57x-4","allow","allow (http 201) 1 row","true",""
"變更指令","21","62030003","提交 VO-mqosi57x-4","allow","allow (http 204)","true",""
"變更指令","22","62010001","批核 VO-mqosi57x-4 (總承)","allow","allow (http 200)","true",""
"變更指令","23","62000001","批核 VO-mqosi57x-4 (PM)","allow","allow (http 200)","true",""
"變更指令","24","62000003","批核 VO-mqosi57x-4 (業主)","allow","allow (http 200)","true",""
"變更指令","25","62020003","開單 VO-mqosi57x-5","allow","allow (http 201) 1 row","true",""
"變更指令","26","62020003","加內容版本 VO-mqosi57x-5","allow","allow (http 201) 1 row","true",""
"變更指令","27","62020003","提交 VO-mqosi57x-5","allow","allow (http 204)","true",""
"變更指令","28","62010001","批核 VO-mqosi57x-5 (總承)","allow","allow (http 200)","true",""
"變更指令","29","62000001","批核 VO-mqosi57x-5 (PM)","allow","allow (http 200)","true",""
"變更指令","30","62000003","批核 VO-mqosi57x-5 (業主)","allow","allow (http 200)","true",""
"變更指令","31","62040001","開單 VO-mqosi57x-6","allow","allow (http 201) 1 row","true",""
"變更指令","32","62040001","加內容版本 VO-mqosi57x-6","allow","allow (http 201) 1 row","true",""
"變更指令","33","62040001","提交 VO-mqosi57x-6","allow","allow (http 204)","true",""
"變更指令","34","62010001","批核 VO-mqosi57x-6 (總承)","allow","allow (http 200)","true",""
"變更指令","35","62000001","批核 VO-mqosi57x-6 (PM)","allow","allow (http 200)","true",""
"變更指令","36","62000003","批核 VO-mqosi57x-6 (業主)","allow","allow (http 200)","true",""
"變更指令","37","62010004","越權開單","deny","deny (http 403) new row violates row-level security policy for table ""variation_orders""","true",""
"工作許可證","1","62010003","開單 PTW-mqosi57x-1","allow","allow (http 201) 1 row","true",""
"工作許可證","2","62010003","加內容版本 PTW-mqosi57x-1","allow","allow (http 201) 1 row","true",""
"工作許可證","3","62010003","提交 PTW-mqosi57x-1","allow","allow (http 204)","true",""
"工作許可證","4","62000004","批核 PTW-mqosi57x-1 (安全主任)","allow","allow (http 200)","true",""
"工作許可證","5","62010001","批核 PTW-mqosi57x-1 (總承)","allow","allow (http 200)","true",""
"工作許可證","6","62020001","開單 PTW-mqosi57x-2","allow","allow (http 201) 1 row","true",""
"工作許可證","7","62020001","加內容版本 PTW-mqosi57x-2","allow","allow (http 201) 1 row","true",""
"工作許可證","8","62020001","提交 PTW-mqosi57x-2","allow","allow (http 204)","true",""
"工作許可證","9","62000004","批核 PTW-mqosi57x-2 (安全主任)","allow","allow (http 200)","true",""
"工作許可證","10","62010001","批核 PTW-mqosi57x-2 (總承)","allow","allow (http 200)","true",""
"工作許可證","11","62010002","開單 PTW-mqosi57x-3","allow","allow (http 201) 1 row","true",""
"工作許可證","12","62010002","加內容版本 PTW-mqosi57x-3","allow","allow (http 201) 1 row","true",""
"工作許可證","13","62010002","提交 PTW-mqosi57x-3","allow","allow (http 204)","true",""
"工作許可證","14","62000004","批核 PTW-mqosi57x-3 (安全主任)","allow","allow (http 200)","true",""
"工作許可證","15","62010001","批核 PTW-mqosi57x-3 (總承)","allow","allow (http 200)","true",""
"工作許可證","16","62030003","開單 PTW-mqosi57x-4","allow","allow (http 201) 1 row","true",""
"工作許可證","17","62030003","加內容版本 PTW-mqosi57x-4","allow","allow (http 201) 1 row","true",""
"工作許可證","18","62030003","提交 PTW-mqosi57x-4","allow","allow (http 204)","true",""
"工作許可證","19","62000004","批核 PTW-mqosi57x-4 (安全主任)","allow","allow (http 200)","true",""
"工作許可證","20","62010001","批核 PTW-mqosi57x-4 (總承)","allow","allow (http 200)","true",""
"工作許可證","21","62020003","開單 PTW-mqosi57x-5","allow","allow (http 201) 1 row","true",""
"工作許可證","22","62020003","加內容版本 PTW-mqosi57x-5","allow","allow (http 201) 1 row","true",""
"工作許可證","23","62020003","提交 PTW-mqosi57x-5","allow","allow (http 204)","true",""
"工作許可證","24","62000004","批核 PTW-mqosi57x-5 (安全主任)","allow","allow (http 200)","true",""
"工作許可證","25","62010001","批核 PTW-mqosi57x-5 (總承)","allow","allow (http 200)","true",""
"工作許可證","26","62040001","開單 PTW-mqosi57x-6","allow","allow (http 201) 1 row","true",""
"工作許可證","27","62040001","加內容版本 PTW-mqosi57x-6","allow","allow (http 201) 1 row","true",""
"工作許可證","28","62040001","提交 PTW-mqosi57x-6","allow","allow (http 204)","true",""
"工作許可證","29","62000004","批核 PTW-mqosi57x-6 (安全主任)","allow","allow (http 200)","true",""
"工作許可證","30","62010001","批核 PTW-mqosi57x-6 (總承)","allow","allow (http 200)","true",""
"工作許可證","31","62000004","越權開單","deny","deny (http 403) new row violates row-level security policy for table ""permits_to_work""","true",""
"機械/表格","1","62010001","總承加機械 #1 (excavation)","allow","allow (http 201) 1 row","true",""
"機械/表格","2","62010001","總承加機械 #2 (scaffold)","allow","allow (http 201) 1 row","true",""
"機械/表格","3","62010001","總承加機械 #3 (lifting_appliance)","allow","allow (http 201) 1 row","true",""
"機械/表格","4","62010001","總承加機械 #4 (excavation)","allow","allow (http 201) 1 row","true",""
"機械/表格","5","62010001","總承加機械 #5 (scaffold)","allow","allow (http 201) 1 row","true",""
"機械/表格","6","62010001","總承加機械 #6 (lifting_appliance)","allow","allow (http 201) 1 row","true",""
"機械/表格","7","62010003","判頭加機械","deny","deny (http 403) new row violates row-level security policy for table ""equipment_register""","true",""
"機械/表格","8","62000004","安全主任加機械 (v77)","allow","allow (http 201) 1 row","true",""
"機械/表格","9","62000004","安全主任 mint QR","allow","allow (http 200)","true",""
"機械/表格","10","62010003","判頭 mint QR","deny","deny (http 400) 沒有權限產生 QR","true",""
"機械/表格","11","62000001","PM 核實證書","allow","allow (http 204)","true",""
"機械/表格","12","62010003","判頭核實證書","deny","deny (http 400) 只有管理員 / PM / 安全主任可核實證書","true",""
"機械/表格","13","62010001","開表格項 (excavation)","allow","allow (http 201) 1 row","true",""
"機械/表格","14","62010003","合資格判頭簽表格 (competent_person)","allow","allow (http 200)","true","持 competent_person 牌"
"機械/表格","15","62010004","工人(無牌)簽表格","deny","deny (http 400) 你未有有效的合資格人士證明（需要 competent_person）","true",""
"機械/表格","16","62010001","開表格項 (scaffold)","allow","allow (http 201) 1 row","true",""
"機械/表格","17","62010003","合資格判頭簽表格 (competent_person)","allow","allow (http 200)","true","持 competent_person 牌"
"機械/表格","18","62010004","工人(無牌)簽表格","deny","deny (http 400) 你未有有效的合資格人士證明（需要 competent_person）","true",""
"機械/表格","19","62010001","開表格項 (lifting_appliance)","allow","allow (http 201) 1 row","true",""
"機械/表格","20","62010003","合資格判頭簽表格 (competent_person)","allow","allow (http 200)","true","持 competent_person 牌"
"機械/表格","21","62010004","工人(無牌)簽表格","deny","deny (http 400) 你未有有效的合資格人士證明（需要 competent_person）","true",""
"機械/表格","22","62010001","開表格項 (excavation)","allow","allow (http 201) 1 row","true",""
"機械/表格","23","62010003","合資格判頭簽表格 (competent_person)","allow","allow (http 200)","true","持 competent_person 牌"
"機械/表格","24","62010004","工人(無牌)簽表格","deny","deny (http 400) 你未有有效的合資格人士證明（需要 competent_person）","true",""
"機械/表格","25","62010001","開表格項 (scaffold)","allow","allow (http 201) 1 row","true",""
"機械/表格","26","62010003","合資格判頭簽表格 (competent_person)","allow","allow (http 200)","true","持 competent_person 牌"
"機械/表格","27","62010004","工人(無牌)簽表格","deny","deny (http 400) 你未有有效的合資格人士證明（需要 competent_person）","true",""
"機械/表格","28","62010001","開表格項 (lifting_appliance)","allow","allow (http 201) 1 row","true",""
"機械/表格","29","62010003","合資格判頭簽表格 (competent_person)","allow","allow (http 200)","true","持 competent_person 牌"
"機械/表格","30","62010004","工人(無牌)簽表格","deny","deny (http 400) 你未有有效的合資格人士證明（需要 competent_person）","true",""
"每日日誌","1","62000002","寫今日日誌","allow","allow (http 409) duplicate key value violates unique constraint ""dailies_project_id_user_id_date_key""","true",""
"每日日誌","2","62000002","補 1 日前日誌","deny","deny (http 403) new row violates row-level security policy for table ""dailies""","true","當日鎖 R2"
"每日日誌","3","62000002","補 2 日前日誌","deny","deny (http 403) new row violates row-level security policy for table ""dailies""","true","當日鎖 R2"
"每日日誌","4","62000002","補 3 日前日誌","deny","deny (http 403) new row violates row-level security policy for table ""dailies""","true","當日鎖 R2"
"每日日誌","5","62010001","寫今日日誌","allow","allow (http 409) duplicate key value violates unique constraint ""dailies_project_id_user_id_date_key""","true",""
"每日日誌","6","62010001","補 1 日前日誌","deny","deny (http 403) new row violates row-level security policy for table ""dailies""","true","當日鎖 R2"
"每日日誌","7","62010001","補 2 日前日誌","deny","deny (http 403) new row violates row-level security policy for table ""dailies""","true","當日鎖 R2"
"每日日誌","8","62010001","補 3 日前日誌","deny","deny (http 403) new row violates row-level security policy for table ""dailies""","true","當日鎖 R2"
"每日日誌","9","62010002","寫今日日誌","allow","allow (http 409) duplicate key value violates unique constraint ""dailies_project_id_user_id_date_key""","true",""
"每日日誌","10","62010002","補 1 日前日誌","deny","deny (http 403) new row violates row-level security policy for table ""dailies""","true","當日鎖 R2"
"每日日誌","11","62010002","補 2 日前日誌","deny","deny (http 403) new row violates row-level security policy for table ""dailies""","true","當日鎖 R2"
"每日日誌","12","62010002","補 3 日前日誌","deny","deny (http 403) new row violates row-level security policy for table ""dailies""","true","當日鎖 R2"
"每日日誌","13","62020001","寫今日日誌","allow","allow (http 409) duplicate key value violates unique constraint ""dailies_project_id_user_id_date_key""","true",""
"每日日誌","14","62020001","補 1 日前日誌","deny","deny (http 403) new row violates row-level security policy for table ""dailies""","true","當日鎖 R2"
"每日日誌","15","62020001","補 2 日前日誌","deny","deny (http 403) new row violates row-level security policy for table ""dailies""","true","當日鎖 R2"
"每日日誌","16","62020001","補 3 日前日誌","deny","deny (http 403) new row violates row-level security policy for table ""dailies""","true","當日鎖 R2"
"每日日誌","17","62020002","寫今日日誌","allow","allow (http 409) duplicate key value violates unique constraint ""dailies_project_id_user_id_date_key""","true",""
"每日日誌","18","62020002","補 1 日前日誌","deny","deny (http 403) new row violates row-level security policy for table ""dailies""","true","當日鎖 R2"
"每日日誌","19","62020002","補 2 日前日誌","deny","deny (http 403) new row violates row-level security policy for table ""dailies""","true","當日鎖 R2"
"每日日誌","20","62020002","補 3 日前日誌","deny","deny (http 403) new row violates row-level security policy for table ""dailies""","true","當日鎖 R2"
"每日日誌","21","62030001","寫今日日誌","allow","allow (http 409) duplicate key value violates unique constraint ""dailies_project_id_user_id_date_key""","true",""
"每日日誌","22","62030001","補 1 日前日誌","deny","deny (http 403) new row violates row-level security policy for table ""dailies""","true","當日鎖 R2"
"每日日誌","23","62030001","補 2 日前日誌","deny","deny (http 403) new row violates row-level security policy for table ""dailies""","true","當日鎖 R2"
"每日日誌","24","62030001","補 3 日前日誌","deny","deny (http 403) new row violates row-level security policy for table ""dailies""","true","當日鎖 R2"
"每日日誌","25","62030002","寫今日日誌","allow","allow (http 409) duplicate key value violates unique constraint ""dailies_project_id_user_id_date_key""","true",""
"每日日誌","26","62030002","補 1 日前日誌","deny","deny (http 403) new row violates row-level security policy for table ""dailies""","true","當日鎖 R2"
"每日日誌","27","62030002","補 2 日前日誌","deny","deny (http 403) new row violates row-level security policy for table ""dailies""","true","當日鎖 R2"
"每日日誌","28","62030002","補 3 日前日誌","deny","deny (http 403) new row violates row-level security policy for table ""dailies""","true","當日鎖 R2"
"每日日誌","29","62040001","寫今日日誌","allow","allow (http 409) duplicate key value violates unique constraint ""dailies_project_id_user_id_date_key""","true",""
"每日日誌","30","62040001","補 1 日前日誌","deny","deny (http 403) new row violates row-level security policy for table ""dailies""","true","當日鎖 R2"
"每日日誌","31","62040001","補 2 日前日誌","deny","deny (http 403) new row violates row-level security policy for table ""dailies""","true","當日鎖 R2"
"每日日誌","32","62040001","補 3 日前日誌","deny","deny (http 403) new row violates row-level security policy for table ""dailies""","true","當日鎖 R2"
"每日日誌","33","62040002","寫今日日誌","allow","allow (http 409) duplicate key value violates unique constraint ""dailies_project_id_user_id_date_key""","true",""
"每日日誌","34","62040002","補 1 日前日誌","deny","deny (http 403) new row violates row-level security policy for table ""dailies""","true","當日鎖 R2"
"每日日誌","35","62040002","補 2 日前日誌","deny","deny (http 403) new row violates row-level security policy for table ""dailies""","true","當日鎖 R2"
"每日日誌","36","62040002","補 3 日前日誌","deny","deny (http 403) new row violates row-level security policy for table ""dailies""","true","當日鎖 R2"
"每日日誌","37","62010003","判頭寫日誌","deny","deny (http 403) new row violates row-level security policy for table ""dailies""","true",""
"每日日誌","38","62010004","工人寫日誌","deny","deny (http 403) new row violates row-level security policy for table ""dailies""","true",""
"每日日誌","39","62000001","PM 補尋日日誌","deny","deny (http 403) new row violates row-level security policy for table ""dailies""","true",""
"物料","1","62010003","落料單 (一座)","allow","allow (http 201) 1 row","true",""
"物料","2","62010001","落料單 (一座)","allow","allow (http 201) 1 row","true",""
"物料","3","62010002","落料單 (一座)","allow","allow (http 201) 1 row","true",""
"物料","4","62010003","落料單 (一座)","allow","allow (http 201) 1 row","true",""
"物料","5","62010001","落料單 (一座)","allow","allow (http 201) 1 row","true",""
"物料","6","62020003","落料單 (二座)","allow","allow (http 201) 1 row","true",""
"物料","7","62020001","落料單 (二座)","allow","allow (http 201) 1 row","true",""
"物料","8","62020002","落料單 (二座)","allow","allow (http 201) 1 row","true",""
"物料","9","62020003","落料單 (二座)","allow","allow (http 201) 1 row","true",""
"物料","10","62020001","落料單 (二座)","allow","allow (http 201) 1 row","true",""
"物料","11","62030003","落料單 (三座)","allow","allow (http 201) 1 row","true",""
"物料","12","62030001","落料單 (三座)","allow","allow (http 201) 1 row","true",""
"物料","13","62030002","落料單 (三座)","allow","allow (http 201) 1 row","true",""
"物料","14","62030003","落料單 (三座)","allow","allow (http 201) 1 row","true",""
"物料","15","62030001","落料單 (三座)","allow","allow (http 201) 1 row","true",""
"物料","16","62040003","落料單 (外圍)","allow","allow (http 201) 1 row","true",""
"物料","17","62040001","落料單 (外圍)","allow","allow (http 201) 1 row","true",""
"物料","18","62040002","落料單 (外圍)","allow","allow (http 201) 1 row","true",""
"物料","19","62040003","落料單 (外圍)","allow","allow (http 201) 1 row","true",""
"物料","20","62040001","落料單 (外圍)","allow","allow (http 201) 1 row","true",""
"物料","21","62010003","收貨記數","allow","allow (http 200) 1 row","true",""
"物料","22","62010002","收貨記數","allow","allow (http 200) 1 row","true",""
"物料","23","62010001","收貨記數","allow","allow (http 200) 1 row","true",""
"物料","24","62020001","收貨記數","allow","allow (http 200) 1 row","true",""
"物料","25","62020003","收貨記數","allow","allow (http 200) 1 row","true",""
"物料","26","62030003","收貨記數","allow","allow (http 200) 1 row","true",""
"物料","27","62030002","收貨記數","allow","allow (http 200) 1 row","true",""
"物料","28","62030001","收貨記數","allow","allow (http 200) 1 row","true",""
"物料","29","62040001","收貨記數","allow","allow (http 200) 1 row","true",""
"物料","30","62040003","收貨記數","allow","allow (http 200) 1 row","true",""
"物料","31","62010004","工人落料單","deny","deny (http 403) new row violates row-level security policy for table ""materials""","true",""
"物料","32","62020003","判頭改別人料單 (R1)","deny","deny (http 200) 0 row","true",""
"行事曆","1","62000001","加事件","allow","allow (http 201) 1 row","true",""
"行事曆","2","62000001","加事件","allow","allow (http 201) 1 row","true",""
"行事曆","3","62000001","加事件","allow","allow (http 201) 1 row","true",""
"行事曆","4","62000001","加事件","allow","allow (http 201) 1 row","true",""
"行事曆","5","62000001","加事件","allow","allow (http 201) 1 row","true",""
"行事曆","6","62000002","加事件","allow","allow (http 201) 1 row","true",""
"行事曆","7","62000002","加事件","allow","allow (http 201) 1 row","true",""
"行事曆","8","62000002","加事件","allow","allow (http 201) 1 row","true",""
"行事曆","9","62000002","加事件","allow","allow (http 201) 1 row","true",""
"行事曆","10","62000002","加事件","allow","allow (http 201) 1 row","true",""
"行事曆","11","62010001","加事件","allow","allow (http 201) 1 row","true",""
"行事曆","12","62010001","加事件","allow","allow (http 201) 1 row","true",""
"行事曆","13","62010001","加事件","allow","allow (http 201) 1 row","true",""
"行事曆","14","62010001","加事件","allow","allow (http 201) 1 row","true",""
"行事曆","15","62010001","加事件","allow","allow (http 201) 1 row","true",""
"行事曆","16","62020002","加事件","allow","allow (http 201) 1 row","true",""
"行事曆","17","62020002","加事件","allow","allow (http 201) 1 row","true",""
"行事曆","18","62020002","加事件","allow","allow (http 201) 1 row","true",""
"行事曆","19","62020002","加事件","allow","allow (http 201) 1 row","true",""
"行事曆","20","62020002","加事件","allow","allow (http 201) 1 row","true",""
"行事曆","21","62030001","加事件","allow","allow (http 201) 1 row","true",""
"行事曆","22","62030001","加事件","allow","allow (http 201) 1 row","true",""
"行事曆","23","62030001","加事件","allow","allow (http 201) 1 row","true",""
"行事曆","24","62030001","加事件","allow","allow (http 201) 1 row","true",""
"行事曆","25","62030001","加事件","allow","allow (http 201) 1 row","true",""
"行事曆","26","62040002","加事件","allow","allow (http 201) 1 row","true",""
"行事曆","27","62040002","加事件","allow","allow (http 201) 1 row","true",""
"行事曆","28","62040002","加事件","allow","allow (http 201) 1 row","true",""
"行事曆","29","62040002","加事件","allow","allow (http 201) 1 row","true",""
"行事曆","30","62040002","加事件","allow","allow (http 201) 1 row","true",""
"行事曆","31","62010003","越權加事件","deny","deny (http 403) new row violates row-level security policy for table ""events""","true",""
"行事曆","32","62010004","越權加事件","deny","deny (http 403) new row violates row-level security policy for table ""events""","true",""
"行事曆","33","62020003","越權加事件","deny","deny (http 403) new row violates row-level security policy for table ""events""","true",""
"行事曆","34","62000003","越權加事件","deny","deny (http 403) new row violates row-level security policy for table ""events""","true",""
"行事曆","35","62000004","越權加事件","deny","deny (http 403) new row violates row-level security policy for table ""events""","true",""
"聯絡人","1","62000001","PM 加聯絡人 電工","allow","allow (http 201) 1 row","true",""
"聯絡人","2","62000001","PM 加聯絡人 水喉","allow","allow (http 201) 1 row","true",""
"聯絡人","3","62000001","PM 加聯絡人 紮鐵","allow","allow (http 201) 1 row","true",""
"聯絡人","4","62000001","PM 加聯絡人 棚架","allow","allow (http 201) 1 row","true",""
"聯絡人","5","62000001","PM 加聯絡人 機電","allow","allow (http 201) 1 row","true",""
"聯絡人","6","62000001","PM 加聯絡人 泥水","allow","allow (http 201) 1 row","true",""
"聯絡人","7","62000001","PM 加聯絡人 油漆","allow","allow (http 201) 1 row","true",""
"聯絡人","8","62000001","PM 加聯絡人 玻璃","allow","allow (http 201) 1 row","true",""
"聯絡人","9","62000001","PM 加聯絡人 消防","allow","allow (http 201) 1 row","true",""
"聯絡人","10","62000001","PM 加聯絡人 吊船","allow","allow (http 201) 1 row","true",""
"聯絡人","11","62000001","PM 加聯絡人 清拆","allow","allow (http 201) 1 row","true",""
"聯絡人","12","62000001","PM 加聯絡人 園境","allow","allow (http 201) 1 row","true",""
"聯絡人","13","62000001","PM 加聯絡人 防水","allow","allow (http 201) 1 row","true",""
"聯絡人","14","62000001","PM 加聯絡人 冷氣","allow","allow (http 201) 1 row","true",""
"聯絡人","15","62000001","PM 加聯絡人 雲石","allow","allow (http 201) 1 row","true",""
"聯絡人","16","62000001","PM 加聯絡人 鋁窗","allow","allow (http 201) 1 row","true",""
"聯絡人","17","62000001","PM 加聯絡人 天花","allow","allow (http 201) 1 row","true",""
"聯絡人","18","62000001","PM 加聯絡人 地板","allow","allow (http 201) 1 row","true",""
"聯絡人","19","62000001","PM 加聯絡人 門鎖","allow","allow (http 201) 1 row","true",""
"聯絡人","20","62000001","PM 加聯絡人 燒焊","allow","allow (http 201) 1 row","true",""
"聯絡人","21","62010001","越權加聯絡人","deny","deny (http 403) new row violates row-level security policy for table ""contacts""","true",""
"聯絡人","22","62010003","越權加聯絡人","deny","deny (http 403) new row violates row-level security policy for table ""contacts""","true",""
"聯絡人","23","62010004","越權加聯絡人","deny","deny (http 403) new row violates row-level security policy for table ""contacts""","true",""
"聯絡人","24","62000002","越權加聯絡人","deny","deny (http 403) new row violates row-level security policy for table ""contacts""","true",""
"聯絡人","25","62000003","越權加聯絡人","deny","deny (http 403) new row violates row-level security policy for table ""contacts""","true",""
"聯絡人","26","62000004","越權加聯絡人","deny","deny (http 403) new row violates row-level security policy for table ""contacts""","true",""
"聯絡人","27","62020002","越權加聯絡人","deny","deny (http 403) new row violates row-level security policy for table ""contacts""","true",""
"聯絡人","28","62030003","越權加聯絡人","deny","deny (http 403) new row violates row-level security policy for table ""contacts""","true",""
"聯絡人","29","62040001","越權加聯絡人","deny","deny (http 403) new row violates row-level security policy for table ""contacts""","true",""
"聯絡人","30","62020004","越權加聯絡人","deny","deny (http 403) new row violates row-level security policy for table ""contacts""","true",""
"文件/圖則","1","62010003","取文件編號 material_submission","allow","allow (http 200)","true",""
"文件/圖則","2","62010003","取文件編號 method_statement","allow","allow (http 200)","true",""
"文件/圖則","3","62010003","取文件編號 inspection","allow","allow (http 200)","true",""
"文件/圖則","4","62010003","取文件編號 other","allow","allow (http 200)","true",""
"文件/圖則","5","62010001","取文件編號 material_submission","allow","allow (http 200)","true",""
"文件/圖則","6","62010001","取文件編號 method_statement","allow","allow (http 200)","true",""
"文件/圖則","7","62010001","取文件編號 inspection","allow","allow (http 200)","true",""
"文件/圖則","8","62010001","取文件編號 other","allow","allow (http 200)","true",""
"文件/圖則","9","62010002","取文件編號 material_submission","allow","allow (http 200)","true",""
"文件/圖則","10","62010002","取文件編號 method_statement","allow","allow (http 200)","true",""
"文件/圖則","11","62010002","取文件編號 inspection","allow","allow (http 200)","true",""
"文件/圖則","12","62010002","取文件編號 other","allow","allow (http 200)","true",""
"文件/圖則","13","62020003","取文件編號 material_submission","allow","allow (http 200)","true",""
"文件/圖則","14","62020003","取文件編號 method_statement","allow","allow (http 200)","true",""
"文件/圖則","15","62020003","取文件編號 inspection","allow","allow (http 200)","true",""
"文件/圖則","16","62020003","取文件編號 other","allow","allow (http 200)","true",""
"文件/圖則","17","62020001","取文件編號 material_submission","allow","allow (http 200)","true",""
"文件/圖則","18","62020001","取文件編號 method_statement","allow","allow (http 200)","true",""
"文件/圖則","19","62020001","取文件編號 inspection","allow","allow (http 200)","true",""
"文件/圖則","20","62020001","取文件編號 other","allow","allow (http 200)","true",""
"文件/圖則","21","62020002","取文件編號 material_submission","allow","allow (http 200)","true",""
"文件/圖則","22","62020002","取文件編號 method_statement","allow","allow (http 200)","true",""
"文件/圖則","23","62020002","取文件編號 inspection","allow","allow (http 200)","true",""
"文件/圖則","24","62020002","取文件編號 other","allow","allow (http 200)","true",""
"文件/圖則","25","62000002","老總取文件編號","allow","allow (http 200)","true",""
"文件/圖則","26","62010003","取圖則編號 (D-25)","deny","deny (http 400) 沒有權限產生文件編號","true",""
"文件/圖則","27","62000002","取圖則編號 (D-25)","deny","deny (http 400) 沒有權限產生文件編號","true",""
"文件/圖則","28","62010004","取圖則編號 (D-25)","deny","deny (http 400) 沒有權限產生文件編號","true",""
"文件/圖則","29","62000001","取圖則編號","allow","allow (http 200)","true",""
"文件/圖則","30","62010001","取圖則編號","allow","allow (http 200)","true",""
"文件/圖則","31","62010004","工人取文件編號","deny","deny (http 400) 沒有權限產生文件編號","true",""